<?xml version="1.0" encoding="UTF-8" ?>
<NotepadPlus>
    <InternalCommands>
        <Shortcut id="50001" Ctrl="no" Alt="yes" Shift="no" Key="13" />
        <Shortcut id="42086" Ctrl="no" Alt="yes" Shift="no" Key="116" />
        <Shortcut id="42036" Ctrl="yes" Alt="no" Shift="yes" Key="76" />
        <Shortcut id="42022" Ctrl="yes" Alt="no" Shift="no" Key="191" />
        <Shortcut id="42023" Ctrl="yes" Alt="no" Shift="yes" Key="191" />
        <Shortcut id="42047" Ctrl="yes" Alt="no" Shift="yes" Key="81" />
    </InternalCommands>
    <Macros>
        <Macro name="Select current line" Ctrl="yes" Alt="no" Shift="no" Key="76">
            <Action type="0" message="2453" wParam="0" lParam="0" sParam="" />
            <Action type="0" message="2301" wParam="0" lParam="0" sParam="" />
        </Macro>
    </Macros>
    <UserDefinedCommands>
        <Command name="Run do-lines" Ctrl="yes" Alt="no" Shift="no" Key="68">&quot;C:\Installed_PG\Stata18\ado\personal\rundolines.exe&quot;</Command>
        <Command name="Run do-file" Ctrl="no" Alt="no" Shift="no" Key="121">&quot;C:\Installed_PG\Stata18\ado\personal\rundo.exe&quot; &quot;$(FULL_CURRENT_PATH)&quot;</Command>
    </UserDefinedCommands>
    <PluginCommands />
    <ScintillaKeys>
        <ScintKey ScintID="2337" menuCmdID="0" Ctrl="yes" Alt="yes" Shift="no" Key="81" />
        <ScintKey ScintID="2338" menuCmdID="0" Ctrl="yes" Alt="no" Shift="yes" Key="75" />
        <ScintKey ScintID="2390" menuCmdID="0" Ctrl="no" Alt="no" Shift="no" Key="0" />
        <ScintKey ScintID="2391" menuCmdID="0" Ctrl="no" Alt="no" Shift="no" Key="0" />
        <ScintKey ScintID="2426" menuCmdID="0" Ctrl="yes" Alt="yes" Shift="no" Key="40" />
        <ScintKey ScintID="2427" menuCmdID="0" Ctrl="yes" Alt="yes" Shift="no" Key="38" />
        <ScintKey ScintID="2404" menuCmdID="42010" Ctrl="no" Alt="yes" Shift="no" Key="68" />
    </ScintillaKeys>
</NotepadPlus>
